name,Chamber,Joined Congress,twitter,reelection,official
Doug Jones,Senate,01-03-18,DougJones,,
Doug Jones,Senate,01-03-18,sendougjones,,1
Richard Shelby,Senate,01-03-87,ShelbyForSenate,,
Richard Shelby,Senate,01-03-87,SenShelby,,1
Dan Sullivan,Senate,01-03-15,SenDanSullivan,,1
Lisa Murkowski,Senate,12/20/2002,LisaForSenate,,
Lisa Murkowski,Senate,12/20/2002,LisaMurkowski,,1
Kyrsten Sinema,Senate,01-03-19,kyrstensinema,,
Kyrsten Sinema,Senate,01-03-19,SenatorSinema,,1
Martha McSally,Senate,01-03-19,MarthaMcSally,,
Martha McSally,Senate,01-03-19,SenMcSallyAZ,,1
Tom Cotton,Senate,01-03-15,TomCottonAR,,
Tom Cotton,Senate,01-03-15,SenTomCotton,,1
John Boozman,Senate,01-03-11,Boozman4AR,,0
John Boozman,Senate,01-03-11,JohnBoozman,,1
Dianne Feinstein,Senate,11-04-92,DianneFeinstein,,
Dianne Feinstein,Senate,11-04-92,SenFeinstein,,1
Kamala Harris,Senate,01-03-17,kamalaharris,,
Kamala Harris,Senate,01-03-17,SenKamalaHarris,,1
Cory Gardner,Senate,01-03-15,CoryGardner,,
Cory Gardner,Senate,01-03-15,SenCoryGardner,,1
Michael Bennet,Senate,1/21/2009,BennetForCO,,0
Michael Bennet,Senate,1/21/2009,SenatorBennet,,1
Chris Murphy,Senate,01-03-13,SenMurphyOffice,,
Chris Murphy,Senate,01-03-13,ChrisMurphyCT,,1
Richard Blumenthal,Senate,01-03-11,DickBlumenthal,,0
Richard Blumenthal,Senate,01-03-11,SenBlumenthal,,1
Tom Carper,Senate,01-03-01,TomCarperforDE,,
Tom Carper,Senate,01-03-01,SenatorCarper,,1
Chris Coons,Senate,11/15/2010,sencoonsoffice,,0
Chris Coons,Senate,11/15/2010,ChrisCoons,,1
Rick Scott,Senate,01-08-19,ScottforFlorida,,
Rick Scott,Senate,01-08-19,SenRickScott,,1
Marco Rubio,Senate,01-03-11,marcorubio,,1
David Perdue,Senate,01-03-15,Perduesenate,,
David Perdue,Senate,01-03-15,sendavidperdue,,1
Johnny Isakson,Senate,01-03-05,JohnnyIsakson,,
Johnny Isakson,Senate,01-03-05,SenatorIsakson,,1
Mazie Hirono,Senate,01-03-13,mazieforhawaii,,
Mazie Hirono,Senate,01-03-13,MazieHirono,,1
Brian Schatz,Senate,12/26/2012,brianschatz,,
Brian Schatz,Senate,12/26/2012,SenBrianSchatz,,1
Jim Risch,Senate,01-03-09,JimRisch,,
Jim Risch,Senate,01-03-09,SenatorRisch,,1
Mike Crapo,Senate,01-03-99,crapo4senate,,
Mike Crapo,Senate,01-03-99,MikeCrapo,,1
Dick Durbin,Senate,01-03-15,DickDurbin,,
Dick Durbin,Senate,01-03-15,SenatorDurbin,,1
Tammy Duckworth,Senate,01-03-17,tammyduckworth,,
Tammy Duckworth,Senate,01-03-17,TammyforIL,,
Tammy Duckworth,Senate,01-03-17,SenDuckworth,,1
Mike Braun,Senate,01-03-19,braun4indiana,,
Mike Braun,Senate,01-03-19,SenatorBraun,,1
Todd Young,Senate,01-03-19,ToddYoungIN,,
Todd Young,Senate,01-03-19,SenToddYoung,,1
Joni Ernst,Senate,01-03-19,joniernst,,
Joni Ernst,Senate,01-03-19,SenJoniErnst,,1
Chuck Grassley,Senate,01-03-19,GrassleyPress,,
Chuck Grassley,Senate,01-03-19,ChuckGrassley,,1
Pat Roberts,Senate,01-03-97,PatRoberts,,
Pat Roberts,Senate,01-03-97,SenPatRoberts,,1
Jerry Moran,Senate,01-03-11,JerryMoran,,1
Mitch McConnell,Senate,01-03-15,senatemajldr,,
Mitch McConnell,Senate,01-03-15,McConnellPress,,1
Rand Paul,Senate,01-03-11,DrRandPaul,,
Rand Paul,Senate,01-03-11,RandPaul,,1
Bill Cassidy,Senate,01-03-15,SenBillCassidy,,1
John Kennedy,Senate,01-03-17,JohnKennedyLA,,
John Kennedy,Senate,01-03-17,SenJohnKennedy,,1
Angus King,Senate,01-03-13,SenAngusKing,,1
Susan Collins,Senate,01-03-97,SenSusanCollins,,
Susan Collins,Senate,01-03-97,SenatorCollins,,1
Ben Cardin,Senate,01-03-07,BenCardinforMD,,
Ben Cardin,Senate,01-03-07,SenatorCardin,,1
Chris Van Hollen,Senate,01-03-17,VanHollenForMD,,
Chris Van Hollen,Senate,01-03-17,ChrisVanHollen,,1
Elizabeth Warren,Senate,01-03-13,elizabethforma,,
Elizabeth Warren,Senate,01-03-13,SenWarren,,1
Ed Markey,Senate,7/16/2013,EdMarkey,,
Ed Markey,Senate,7/16/2013,SenMarkey,,1
Debbie Stabenow,Senate,01-03-01,stabenow,,
Debbie Stabenow,Senate,01-03-01,SenStabenow,,1
Gary Peters,Senate,01-03-19,Peters4Michigan,,
Gary Peters,Senate,01-03-19,SenGaryPeters,,1
Amy Klobuchar,Senate,01-03-07,amyklobuchar,,
Amy Klobuchar,Senate,01-03-07,SenAmyKlobuchar,,1
Tina Smith,Senate,01-03-18,TinaSmithMN,,
Tina Smith,Senate,01-03-18,SenTinaSmith,,1
Roger Wicker,Senate,12/31/2007,RogerWicker,,
Roger Wicker,Senate,12/31/2007,SenatorWicker,,1
Cindy Hyde-Smith,Senate,04-09-18,cindyhydesmith,,
Cindy Hyde-Smith,Senate,04-09-18,SenHydeSmith,,1
Josh Hawley,Senate,01-03-19,HawleyMO,,
Josh Hawley,Senate,01-03-19,SenHawleyPress,,1
Roy Blunt,Senate,04-10-18,RoyBlunt,,1
Jon Tester,Senate,01-03-07,jontester,,
Jon Tester,Senate,01-03-07,SenatorTester,,1
Steve Daines,Senate,01-03-15,DainesforMT,,
Steve Daines,Senate,01-03-15,SteveDaines,,1
Deb Fischer,Senate,01-03-13,DebFischerNE,,
Deb Fischer,Senate,01-03-13,SenatorFischer,,1
Ben Sasse,Senate,01-03-15,BenSasse,,
Ben Sasse,Senate,01-03-15,SenSasse,,1
Jacky Rosen,Senate,01-03-19,RosenforNevada,,
Jacky Rosen,Senate,01-03-19,SenJackyRosen,,1
Catherine Cortez Masto,Senate,01-03-19,CatherineForNV,,
Catherine Cortez Masto,Senate,01-03-19,sencortezmasto,,1
Jeanne Shaheen,Senate,01-03-09,JeanneShaheen,,
Jeanne Shaheen,Senate,01-03-09,SenatorShaheen,,1
Maggie Hassan,Senate,01-03-17,Maggie_Hassan,,
Maggie Hassan,Senate,01-03-17,Senatorhassan,,1
Robert Menendez,Senate,1/17/2006,BobMenendezNJ,,
Robert Menendez,Senate,1/17/2006,SenatorMenendez,,1
Cory Booker,Senate,10/31/2013,corybooker,,0
Cory Booker,Senate,10/31/2013,SenBooker,,1
Martin Heinrich,Senate,01-03-13,TeamHeinrich,,
Martin Heinrich,Senate,01-03-13,MartinHeinrich,,1
Tom Udall,Senate,01-03-09,tomudall,,
Tom Udall,Senate,01-03-09,SenatorTomUdall,,1
Kirsten Gillibrand,Senate,1/26/2009,sengillibrand,,
Kirsten Gillibrand,Senate,1/26/2009,GillibrandNY,,1
Chuck Schumer,Senate,01-03-17,chuckschumer,,
Chuck Schumer,Senate,01-03-17,SenSchumer,,1
Thom Tillis,Senate,01-03-15,ThomTillis,,
Thom Tillis,Senate,01-03-15,senthomtillis,,1
Richard Burr,Senate,01-03-05,BurrForSenate,,0
Richard Burr,Senate,01-03-05,SenatorBurr,,1
Kevin Cramer,Senate,01-03-19,kevincramer,,
Kevin Cramer,Senate,01-03-19,SenKevinCramer,,1
John Hoeven,Senate,01-03-11,hoeven4senate,,
John Hoeven,Senate,01-03-11,SenJohnHoeven,,1
Sherrod Brown,Senate,01-03-07,SherrodBrown,,
Sherrod Brown,Senate,01-03-07,SenSherrodBrown,,1
Rob Portman,Senate,01-03-11,robportman,,
Rob Portman,Senate,01-03-11,SenRobPortman,,1
James Inhofe,Senate,11/16/1994,inhofepress,,
James Inhofe,Senate,11/16/1994,JimInhofe,,1
James Lankford,Senate,01-03-15,jameslankford,,
James Lankford,Senate,01-03-15,SenatorLankford,,1
Jeff Merkley,Senate,01-03-09,JeffMerkley,,
Jeff Merkley,Senate,01-03-09,SenJeffMerkley,,1
Ron Wyden,Senate,02-05-96,WydenForOregon,,
Ron Wyden,Senate,02-05-96,RonWyden,,1
Bob Casey Jr.,Senate,01-03-07,Bob_Casey,,
Bob Casey Jr.,Senate,01-03-07,SenBobCasey,,1
Pat Toomey,Senate,01-03-11,PatToomey,,
Pat Toomey,Senate,01-03-11,SenToomey,,1
Sheldon Whitehouse,Senate,01-03-07,SheldonforRI,,
Sheldon Whitehouse,Senate,01-03-07,SenWhitehouse,,1
Jack Reed,Senate,01-03-97,jackreed2020,,
Jack Reed,Senate,01-03-97,SenJackReed,,1
Lindsey Graham,Senate,01-03-03,LindseyGrahamSC,,
Lindsey Graham,Senate,01-03-03,GrahamBlog,,1
Tim Scott,Senate,01-02-13,votetimscott,,
Tim Scott,Senate,01-02-13,SenatorTimScott,,1
Mike Rounds,Senate,01-03-15,RoundsforSenate,,
Mike Rounds,Senate,01-03-15,SenatorRounds,,1
John Thune,Senate,01-03-19,johnthune,,
John Thune,Senate,01-03-19,SenJohnThune,,1
Marsha Blackburn,Senate,01-03-19,VoteMarsha,,
Marsha Blackburn,Senate,01-03-19,MarshaBlackburn,,1
Lamar Alexander,Senate,01-03-03,LamarAlexander,,0
Lamar Alexander,Senate,01-03-03,SenAlexander,,1
Ted Cruz,Senate,01-03-13,tedcruz,,
Ted Cruz,Senate,01-03-13,SenTedCruz,,1
John Cornyn,Senate,12-02-02,TeamCornyn,,0
John Cornyn,Senate,12-02-02,JohnCornyn,,1
Mitt Romney,Senate,01-03-19,MittRomney,,
Mitt Romney,Senate,01-03-19,SenatorRomney,,1
Mike Lee,Senate,01-03-19,MikeLeeforUtah,,
Mike Lee,Senate,01-03-19,SenMikeLee,,1
Bernie Sanders,Senate,01-03-07,BernieSanders,,
Bernie Sanders,Senate,01-03-07,SenSanders,,1
Patrick Leahy,Senate,01-03-75,PatrickLeahy,,
Patrick Leahy,Senate,01-03-75,SenatorLeahy,,1
Tim Kaine,Senate,01-03-13,timkaine,,1
Mark Warner,Senate,01-03-17,SenatorWarner,,
Mark Warner,Senate,01-03-17,MarkWarner,,1
Maria Cantwell,Senate,01-03-01,MariaCantwell,,
Maria Cantwell,Senate,01-03-01,SenatorCantwell,,1
Patty Murray,Senate,01-03-17,MurrayCampaign,,
Patty Murray,Senate,01-03-17,PattyMurray,,1
Joe Manchin,Senate,11/15/2010,JoeManchinWV,,
Joe Manchin,Senate,11/15/2010,Sen_JoeManchin,,1
Shelley Moore Capito,Senate,01-03-15,CapitoforWV,,0
Shelley Moore Capito,Senate,01-03-15,SenCapito,,1
Tammy Baldwin,Senate,01-03-13,tammybaldwin,,
Tammy Baldwin,Senate,01-03-13,SenatorBaldwin,,1
Ron Johnson,Senate,01-03-11,RonJohnsonWI,,
Ron Johnson,Senate,01-03-11,SenRonJohnson,,1
John Barrasso,Senate,01-03-19,barrassoforwyo,,
John Barrasso,Senate,01-03-19,SenJohnBarrasso,,1
Mike Enzi,Senate,01-03-97,EnziforWyo,,
Mike Enzi,Senate,01-03-97,SenatorEnzi,,1
Abby Finkenauer,House,01-03-19,Abby4Iowa,,
Abby Finkenauer,House,01-03-19,RepFinkenauer,,1
Abigail Spanberger,House,01-03-19,SpanbergerVA07,,
Abigail Spanberger,House,01-03-19,RepSpanberger,,1
Adam Kinzinger,House,01-03-13,AdamKinzinger,,
Adam Kinzinger,House,01-03-13,RepKinzinger,,1
Adam Schiff,House,01-03-01,AdamSchiff,,
Adam Schiff,House,01-03-01,RepAdamSchiff,,1
Adam Smith,House,01-03-97,electadamsmith,,
Adam Smith,House,01-03-97,RepAdamSmith,,1
Adrian Smith,House,01-03-07,RepAdrianSmith,,1
Adriano Espaillat,House,01-03-17,EspaillatNY,,
Adriano Espaillat,House,01-03-17,RepEspaillat,,1
Al Green,House,01-03-05,RepAlGreen,,1
Al Lawson,House,01-03-17,AlLawsonJr,,
Al Lawson,House,01-03-17,RepAlLawsonJr,,1
Alan Lowenthal,House,01-03-13,alanlowenthal,,
Alan Lowenthal,House,01-03-13,RepLowenthal,,1
Albio Sires,House,01-03-13,AlbioSiresNJ,,
Albio Sires,House,01-03-13,RepSires,,1
Alcee Hastings,House,01-03-93,alcee4congress,,
Alcee Hastings,House,01-03-93,RepHastingsFL,,1
Alex Mooney,House,01-03-15,MooneyforWV,,
Alex Mooney,House,01-03-15,RepAlexMooney,,1
Alexandria Ocasio-Cortez,House,01-03-19,AOC,,
Alexandria Ocasio-Cortez,House,01-03-19,RepAOC,,1
Alma Adams,House,11-04-14,AlmaforCongress,,
Alma Adams,House,11-04-14,RepAdams,,1
Amata Coleman Radewagen,House,01-03-15,RepAmata,,1
Ami Bera,House,01-03-13,BeraForCongress,,
Ami Bera,House,01-03-13,RepBera,,1
André Carson,House,03-11-08,Andre4Congress,,
André Carson,House,03-11-08,RepAndreCarson,,1
Andy Barr,House,01-03-13,barrforcongress,,
Andy Barr,House,01-03-13,RepAndyBarr,,1
Andy Biggs,House,01-03-17,andybiggs4az,,
Andy Biggs,House,01-03-17,RepAndyBiggsAZ,,1
Andy Harris,House,01-03-11,Harris4Congress,,
Andy Harris,House,01-03-11,RepAndyHarrisMD,,1
Andy Kim,House,01-03-19,AndyKimNJ,,
Andy Kim,House,01-03-19,RepAndyKimNJ,,1
Andy Levin,House,01-03-19,Andy_Levin,,
Andy Levin,House,01-03-19,RepAndyLevin,,1
Angie Craig,House,01-03-19,AngieCraigMN,,
Angie Craig,House,01-03-19,RepAngieCraig,,1
Ann Kirkpatrick,House,01-03-19,Ann_Kirkpatrick,,
Ann Kirkpatrick,House,01-03-19,RepKirkpatrick,,1
Ann McLane Kuster,House,01-03-13,AnnMcLaneKuster,,
Ann McLane Kuster,House,01-03-13,RepAnnieKuster,,1
Ann Wagner,House,01-03-13,AnnLWagner,,
Ann Wagner,House,01-03-13,RepAnnWagner,,1
Anna Eshoo,House,01-03-13,Eshoo4Congress,,
Anna Eshoo,House,01-03-13,RepAnnaEshoo,,1
Anthony Brindisi,House,01-03-19,ABrindisiNY,,0
Anthony Brindisi,House,01-03-19,RepBrindisi,,1
Anthony G. Brown,House,01-03-17,anthonybrownmd4,,
Anthony G. Brown,House,01-03-17,RepAnthonyBrown,,1
Anthony Gonzalez,House,01-03-19,anthonygonzalez,,
Anthony Gonzalez,House,01-03-19,RepAGonzalez,,1
Antonio Delgado,House,01-03-19,DelgadoforNY19,,
Antonio Delgado,House,01-03-19,repdelgado,,1
Austin Scott,House,01-03-11,AustinScott4GA,,
Austin Scott,House,01-03-11,AustinScottGA08,,1
Ayanna Pressley,House,01-03-19,AyannaPressley,,
Ayanna Pressley,House,01-03-19,RepPressley,,1
Barbara Lee,House,4/21/1998,BLeeForCongress,,
Barbara Lee,House,4/21/1998,RepBarbaraLee,,1
Barry Loudermilk,House,01-03-15,standwithbarry,,
Barry Loudermilk,House,01-03-15,RepLoudermilk,,1
Ben Cline,House,01-03-19,Cline4Virginia,,0
Ben Cline,House,01-03-19,RepBenCline,,1
Ben McAdams,House,01-03-19,BenMcAdams,,
Ben McAdams,House,01-03-19,RepBenMcAdams,,1
Ben Ray Luján,House,01-03-09,peopleforben,,
Ben Ray Luján,House,01-03-09,ChairmanDCCC,,
Ben Ray Luján,House,01-03-09,RepBenRayLujan,,1
Bennie Thompson,House,4/13/1993,BGThompsonMS,,
Bennie Thompson,House,4/13/1993,BennieGThompson,,1
Betty McCollum,House,01-03-01,VoteBetty,,
Betty McCollum,House,01-03-01,BettyMcCollum04,,1
Bill Flores,House,01-03-11,Flores4Congress,,
Bill Flores,House,01-03-11,RepBillFlores,,1
Bill Foster,House,01-03-13,RepBillFoster,,1
Bill Huizenga,House,01-03-11,billhuizenga,,
Bill Huizenga,House,01-03-11,RepHuizenga,,1
Bill Johnson,House,01-03-11,JohnsonLeads,,
Bill Johnson,House,01-03-11,RepBillJohnson,,1
Bill Keating,House,01-03-11,WilliamKeating,,
Bill Keating,House,01-03-11,USRepKeating,,1
Bill Pascrell,House,01-03-13,PascrellforNJ,,
Bill Pascrell,House,01-03-13,BillPascrell,,1
Bill Posey,House,01-03-09,CongBillPosey,,1
Billy Long,House,01-03-11,USRepLong,,1
Blaine Luetkemeyer,House,01-03-13,repblainepress,,
Blaine Luetkemeyer,House,01-03-13,LuetkemeyerB,,
Blaine Luetkemeyer,House,01-03-13,RepBlaine,,1
Bob Gibbs,House,01-03-13,RepBobGibbs,,1
Bob Latta,House,12-11-07,latta4congress,,
Bob Latta,House,12-11-07,boblatta,,1
Bobby Rush,House,01-03-93,BobbyLRushMC,,
Bobby Rush,House,01-03-93,RepBobbyRush,,1
Bobby Scott,House,01-03-93,BobbyScott4VA3,,
Bobby Scott,House,01-03-93,BobbyScott,,1
Bonnie Watson Coleman,House,01-03-15,Bonnie4Congress,,
Bonnie Watson Coleman,House,01-03-15,RepBonnie,,1
Brad Schneider,House,01-03-17,Schneider4IL10,,
Brad Schneider,House,01-03-17,repschneider,,1
Brad Sherman,House,01-03-97,BradSherman,,1
Brad Wenstrup,House,01-03-13,bradwenstrup,,
Brad Wenstrup,House,01-03-13,RepBradWenstrup,,1
Bradley Byrne,House,01-08-14,BradleyByrne,,
Bradley Byrne,House,01-08-14,RepByrne,,1
Brenda Lawrence,House,01-03-15,BrendaLLawrence,,
Brenda Lawrence,House,01-03-15,RepLawrence,,1
Brendan Boyle,House,01-03-15,repbrendanboyle,,
Brendan Boyle,House,01-03-15,CongBoyle,,1
Brett Guthrie,House,01-03-09,brettguthrie,,
Brett Guthrie,House,01-03-09,RepGuthrie,,1
Brian Babin,House,01-03-15,Babin4Congress,,
Brian Babin,House,01-03-15,RepBrianBabin,,1
Brian Fitzpatrick,House,01-03-17,BrianFitzUSA,,
Brian Fitzpatrick,House,01-03-17,repbrianfitz,,1
Brian Higgins,House,01-03-13,Higgins4WNY,,
Brian Higgins,House,01-03-13,RepBrianHiggins,,1
Brian Mast,House,01-03-17,BrianMastFL,,
Brian Mast,House,01-03-17,repbrianmast,,1
Bruce Westerman,House,01-03-15,bruce_westerman,,
Bruce Westerman,House,01-03-15,WestermanAR,,
Bruce Westerman,House,01-03-15,RepWesterman,,1
Bryan Steil,House,01-03-19,BryanSteilforWI,,
Bryan Steil,House,01-03-19,RepBryanSteil,,1
Buddy Carter,House,01-03-15,Buddy_Carter,,
Buddy Carter,House,01-03-15,RepBuddyCarter,,1
Carol Miller,House,01-03-19,CarolMillerWV,,
Carol Miller,House,01-03-19,RepCarolMiller,,1
Carolyn Maloney,House,01-03-93,CarolynBMaloney,,
Carolyn Maloney,House,01-03-93,RepMaloney,,1
Cathy McMorris Rodgers,House,01-03-05,TeamCMR,,
Cathy McMorris Rodgers,House,01-03-05,CathyMcMorris,,1
Cedric Richmond,House,01-03-11,CedricRichmond,,
Cedric Richmond,House,01-03-11,RepRichmond,,1
Charlie Crist,House,01-03-17,CharlieCrist,,
Charlie Crist,House,01-03-17,repcharliecrist,,1
Chellie Pingree,House,01-03-09,PingreeForME,,
Chellie Pingree,House,01-03-09,ChelliePingree,,1
Cheri Bustos,House,01-03-13,CheriBustos,,
Cheri Bustos,House,01-03-13,RepCheri,,1
Chip Roy,House,01-03-19,chiproytx,,
Chip Roy,House,01-03-19,RepChipRoy,,1
Chris Collins,House,01-03-13,CollinsNY27,,
Chris Collins,House,01-03-13,RepChrisCollins,,1
Chris Pappas,House,01-03-19,ChrisPappasNH,,
Chris Pappas,House,01-03-19,RepChrisPappas,,1
Chris Stewart,House,01-03-13,StewartforUtah,,
Chris Stewart,House,01-03-13,RepChrisStewart,,1
Chrissy Houlahan,House,01-03-19,HoulahanForPa,,
Chrissy Houlahan,House,01-03-19,RepHoulahan,,1
Christopher Smith,House,01-03-81,RepChrisSmith,,1
Chuck Fleischmann,House,01-03-11,chuck4congress,,
Chuck Fleischmann,House,01-03-11,RepChuck,,1
Cindy Axne,House,01-03-19,Axne4Congress,,0
Cindy Axne,House,01-03-19,RepCindyAxne,,1
Clay Higgins,House,01-03-17,captclayhiggins,,
Clay Higgins,House,01-03-17,RepClayHiggins,,1
Colin Allred,House,01-03-19,ColinAllredTX,,0
Colin Allred,House,01-03-19,RepColinAllred,,1
Collin Peterson,House,01-03-91,collinpeterson,,1
Conor Lamb,House,04-12-18,ConorLambPA,,
Conor Lamb,House,04-12-18,RepConorLamb,,1
Dan Crenshaw,House,01-03-19,DanCrenshawTX,,
Dan Crenshaw,House,01-03-19,RepDanCrenshaw,,1
Dan Kildee,House,01-03-13,dankildee,,
Dan Kildee,House,01-03-13,RepDanKildee,,1
Dan Lipinski,House,01-03-05,DanLipinski,,
Dan Lipinski,House,01-03-05,RepLipinski,,1
Dan Meuser,House,01-03-19,Meuser4Congress,,
Dan Meuser,House,01-03-19,RepMeuser,,1
Dan Newhouse,House,01-03-15,Newhouse4Rep,,
Dan Newhouse,House,01-03-15,RepNewhouse,,1
Daniel Webster,House,01-03-11,WebsterCongress,,
Daniel Webster,House,01-03-11,RepWebster,,1
Danny K. Davis,House,01-03-97,RepDannyDavis,,1
Darin LaHood,House,09-10-15,ElectLaHood,,
Darin LaHood,House,09-10-15,RepLaHood,,1
Darren Soto,House,01-03-17,DarrenSoto,,
Darren Soto,House,01-03-17,RepDarrenSoto,,1
Dave Loebsack,House,01-03-07,DaveForIowa,,
Dave Loebsack,House,01-03-07,DaveLoebsack,,1
David Cicilline,House,01-03-11,davidcicilline,,
David Cicilline,House,01-03-11,RepCicilline,,1
David Joyce,House,01-03-13,DaveJoyceOH14,,
David Joyce,House,01-03-13,RepDaveJoyce,,1
David Kustoff,House,01-03-17,DavidKustoff,,
David Kustoff,House,01-03-17,repdavidkustoff,,1
David McKinley,House,01-03-11,RepMcKinley,,1
David Price,House,01-03-97,DPrice4Congress,,
David Price,House,01-03-97,RepDavidEPrice,,1
David Rouzer,House,01-03-15,DavidRouzer,,
David Rouzer,House,01-03-15,RepDavidRouzer,,1
David Schweikert,House,01-03-13,DavidSchweikert,,
David Schweikert,House,01-03-13,RepDavid,,1
David Scott,House,01-03-03,Electdavidscott,,
David Scott,House,01-03-03,RepDavidScott,,1
David Trone,House,01-03-19,davidjtrone,,
David Trone,House,01-03-19,repdavidtrone,,1
Dean Phillips,House,01-03-19,deanbphillips,,
Dean Phillips,House,01-03-19,RepDeanPhillips,,1
Deb Haaland,House,01-03-19,Deb4CongressNM,,
Deb Haaland,House,01-03-19,RepDebHaaland,,1
Debbie Dingell,House,01-03-15,DebDingell,,
Debbie Dingell,House,01-03-15,RepDebDingell,,1
Debbie Lesko,House,05-07-18,DebbieLesko,,
Debbie Lesko,House,05-07-18,RepDLesko,,1
Debbie Mucarsel-Powell,House,01-03-19,DebbieforFL,,
Debbie Mucarsel-Powell,House,01-03-19,RepDMP,,1
Debbie Wasserman Schultz,House,01-03-05,dwstweets,,
Debbie Wasserman Schultz,House,01-03-05,RepDWStweets,,1
Dennis Heck,House,01-03-13,DennyHeck,,
Dennis Heck,House,01-03-13,RepDennyHeck,,1
Denver Riggleman,House,01-03-19,Denver4VA,,
Denver Riggleman,House,01-03-19,RepRiggleman,,1
Derek Kilmer,House,01-03-13,DerekKilmer,,
Derek Kilmer,House,01-03-13,RepDerekKilmer,,1
Devin Nunes,House,01-03-03,DevinNunes,,
Devin Nunes,House,01-03-03,DevinGNunes,,
Devin Nunes,House,01-03-03,RepDevinNunes,,1
Diana DeGette,House,01-03-97,DeGette5280,,
Diana DeGette,House,01-03-97,RepDianaDeGette,,1
Dina Titus,House,01-03-13,dinatitus,,
Dina Titus,House,01-03-13,RepDinaTitus,,1
Don Bacon,House,01-03-17,DonJBacon,,
Don Bacon,House,01-03-17,repdonbacon,,1
Don Beyer,House,01-03-15,DonBeyerVA,,
Don Beyer,House,01-03-15,RepDonBeyer,,1
Don Young,House,12-05-17,DonYoungAK,,
Don Young,House,12-05-17,RepDonYoung,,1
Donald McEachin,House,01-03-17,Donald_McEachin,,
Donald McEachin,House,01-03-17,RepMcEachin,,1
Donald Norcross,House,11-12-14,DonNorcross4NJ,,
Donald Norcross,House,11-12-14,DonaldNorcross,,1
Donald Payne Jr.,House,11/15/2012,payne10thnj,,
Donald Payne Jr.,House,11/15/2012,DonaldPayneJr,,
Donald Payne Jr.,House,11/15/2012,RepDonaldPayne,,1
Donna Shalala,House,01-03-19,DonnaShalala,,
Donna Shalala,House,01-03-19,RepShalala,,1
Doris Matsui,House,03-10-05,Matsui4Congress,,
Doris Matsui,House,03-10-05,DorisMatsui,,1
Doug Collins,House,01-03-13,Douglas_Collins,,
Doug Collins,House,01-03-13,RepDougCollins,,1
Doug LaMalfa,House,01-03-13,DougLaMalfa,,
Doug LaMalfa,House,01-03-13,RepLaMalfa,,1
Doug Lamborn,House,01-03-07,DougLambornCD5,,
Doug Lamborn,House,01-03-07,RepDLamborn,,1
Drew Ferguson,House,01-03-17,DrewFergusonGA,,
Drew Ferguson,House,01-03-17,RepDrewFerguson,,1
Duncan D. Hunter,House,01-03-13,Rep_Hunter,,1
Dusty Johnson,House,01-03-19,DustyJohnson,,
Dusty Johnson,House,01-03-19,RepDustyJohnson,,1
Dutch Ruppersberger,House,01-03-03,GoDutchForMD,,
Dutch Ruppersberger,House,01-03-03,Call_Me_Dutch,,1
Dwight Evans,House,11/14/2016,DwightEvansPA,,
Dwight Evans,House,11/14/2016,RepDwightEvans,,1
Earl Blumenauer,House,5/21/1996,repblumenauer,,1
Ed Case,House,01-03-19,EdCaseHawaii,,0
Ed Case,House,01-03-19,RepEdCase,,1
Ed Perlmutter,House,01-03-07,Ed4Colorado,,
Ed Perlmutter,House,01-03-07,RepPerlmutter,,1
Eddie Bernice Johnson,House,01-03-93,RepEBJ,,1
Elaine Luria,House,01-03-19,ElaineLuriaVA,,
Elaine Luria,House,01-03-19,RepElaineLuria,,1
Eleanor Holmes Norton,House,01-03-91,EleanorNorton,,1
Elijah Cummings,House,4/16/1996,ReElectCummings,,
Elijah Cummings,House,4/16/1996,RepCummings,,1
Eliot Engel,House,01-03-89,RepEliotEngel,,1
Elise Stefanik,House,01-03-15,EliseStefanik,,
Elise Stefanik,House,01-03-15,RepStefanik,,1
Elissa Slotkin,House,01-03-19,ElissaSlotkin,,
Elissa Slotkin,House,01-03-19,RepSlotkin,,1
Emanuel Cleaver,House,01-03-05,Vote4Cleaver,,
Emanuel Cleaver,House,01-03-05,RepCleaver,,1
Eric Swalwell,House,01-03-13,ericswalwell,,
Eric Swalwell,House,01-03-13,RepSwalwell,,1
Filemon Vela Jr.,House,01-03-13,FilemonVela,,
Filemon Vela Jr.,House,01-03-13,RepFilemonVela,,1
Francis Rooney,House,01-03-17,FrancisRooney,,
Francis Rooney,House,01-03-17,RepRooney,,1
Frank Lucas,House,05-10-94,FrankDLucas,,
Frank Lucas,House,05-10-94,RepFrankLucas,,1
Frank Pallone,House,01-03-19,pallonefornj,,
Frank Pallone,House,01-03-19,FrankPallone,,1
Fred Upton,House,01-03-93,UptonForAllOfUs,,
Fred Upton,House,01-03-93,RepFredUpton,,1
Frederica Wilson,House,01-03-11,FSWInTheHouse,,
Frederica Wilson,House,01-03-11,RepWilson,,1
French Hill,House,01-03-15,ElectFrench,,
French Hill,House,01-03-15,RepFrenchHill,,1
G. K. Butterfield,House,7/20/2004,GKButterfield,,1
Garret Graves,House,01-03-15,garretgraves,,
Garret Graves,House,01-03-15,RepGarretGraves,,1
Gary Palmer,House,01-03-15,Palmer4Alabama,,
Gary Palmer,House,01-03-15,USRepGaryPalmer,,1
George Holding,House,01-03-17,GeorgeHolding,,
George Holding,House,01-03-17,RepHolding,,1
Gerry Connolly,House,01-03-09,ElectConnolly,,
Gerry Connolly,House,01-03-09,GerryConnolly,,1
Gil Cisneros,House,01-03-19,GilCisnerosCA,,0
Gil Cisneros,House,01-03-19,RepGilCisneros,,1
Glenn Grothman,House,01-03-15,GrothmanforWI,,
Glenn Grothman,House,01-03-15,RepGrothman,,1
Glenn Thompson,House,01-03-09,CongressmanGT,,1
Grace Meng,House,01-03-13,Grace4NY,,
Grace Meng,House,01-03-13,RepGraceMeng,,1
Grace Napolitano,House,01-03-99,GraceNapolitano,,1
Greg Gianforte,House,6/21/2017,GregForMontana,,1
Greg Pence,House,01-03-19,GregPenceIN,,
Greg Pence,House,01-03-19,RepGregPence,,1
Greg Stanton,House,01-03-19,gregstantonaz,,
Greg Stanton,House,01-03-19,RepGregStanton,,1
Greg Steube,House,01-03-19,gregsteube,,
Greg Steube,House,01-03-19,RepGregSteube,,1
Greg Walden,House,01-03-99,gregwalden,,
Greg Walden,House,01-03-99,RepGregWalden,,1
Gregorio Sablan,House,01-03-09,Kilili_Sablan,,1
Gregory Meeks,House,02-03-98,GregMeeksNYC,,
Gregory Meeks,House,02-03-98,RepGregoryMeeks,,1
Gus Bilirakis,House,01-03-07,RepGusBilirakis,,1
Guy Reschenthaler,House,01-03-19,reschenthaler,,
Guy Reschenthaler,House,01-03-19,GReschenthaler,,1
Gwen Moore,House,01-03-05,Gwen4Congress,,
Gwen Moore,House,01-03-05,RepGwenMoore,,1
Hakeem Jeffries,House,01-03-19,hakeemjeffries,,
Hakeem Jeffries,House,01-03-19,RepJeffries,,1
Hal Rogers,House,01-03-81,RepHalRogers,,1
Haley Stevens,House,01-03-19,HaleyLive,,
Haley Stevens,House,01-03-19,RepHaleyStevens,,1
Hank Johnson,House,01-03-07,ReElectHank,,
Hank Johnson,House,01-03-07,RepHankJohnson,,1
Harley Rouda,House,01-03-19,HarleyRouda,,
Harley Rouda,House,01-03-19,RepHarley,,1
Henry Cuellar,House,01-03-05,CuellarCampaign,,
Henry Cuellar,House,01-03-05,RepCuellar,,1
Ilhan Omar,House,01-03-19,IlhanMN,,
Ilhan Omar,House,01-03-19,Ilhan,,1
Jack Bergman,House,01-03-19,JackBergman_MI1,,
Jack Bergman,House,01-03-19,RepJackBergman,,1
Jackie Speier,House,01-03-13,JackieSpeier,,
Jackie Speier,House,01-03-13,RepSpeier,,1
Jackie Walorski,House,01-03-13,jackiewalorski,,
Jackie Walorski,House,01-03-13,RepWalorski,,1
Jahana Hayes,House,01-03-19,JahanaHayesCT,,
Jahana Hayes,House,01-03-19,JahanaHayes,,
Jahana Hayes,House,01-03-19,RepJahanaHayes,,1
Jaime Herrera Beutler,House,01-03-11,JaimeForUSRep,,
Jaime Herrera Beutler,House,01-03-11,HerreraBeutler,,1
James Comer,House,11-08-16,JamesComer,,
James Comer,House,11-08-16,KYComer,,1
James Langevin,House,01-03-01,LangevinForRI,,
James Langevin,House,01-03-01,JimLangevin,,1
Jamie Raskin,House,01-03-17,jamie_raskin,,
Jamie Raskin,House,01-03-17,repraskin,,1
Jan Schakowsky,House,01-03-99,RepSchakowsky,,
Jan Schakowsky,House,01-03-99,JanSchakowsky,,1
Jared Golden,House,01-03-19,golden4congress,,
Jared Golden,House,01-03-19,repgolden,,1
Jared Huffman,House,01-03-13,jaredhuffman,,
Jared Huffman,House,01-03-13,RepHuffman,,1
Jason Crow,House,01-03-19,JasonCrowCO6,,
Jason Crow,House,01-03-19,RepJasonCrow,,1
Jason Smith,House,01-03-17,JasonSmithMO,,
Jason Smith,House,01-03-17,RepJasonSmith,,1
Jeff Duncan,House,01-03-11,JeffDenham,,
Jeff Duncan,House,01-03-11,RepJeffDuncan,,1
Jeff Fortenberry,House,01-03-05,supportfortNE,,
Jeff Fortenberry,House,01-03-05,JeffFortenberry,,1
Jeff Van Drew,House,01-03-19,VanDrewForNJ,,
Jeff Van Drew,House,01-03-19,CongressmanJVD,,1
Jennifer Wexton,House,01-03-19,JenniferWexton,,
Jennifer Wexton,House,01-03-19,RepWexton,,1
Jenniffer González,House,01-03-17,RepJenniffer,,1
Jerrold Nadler,House,11-03-92,JerryNadler,,
Jerrold Nadler,House,11-03-92,RepJerryNadler,,1
Jerry McNerney,House,01-03-07,jerrymcnerney,,
Jerry McNerney,House,01-03-07,RepMcNerney,,1
Jesús García,House,01-03-19,ChuyForCongress,,
Jesús García,House,01-03-19,RepChuyGarcia,,1
Jim Baird,House,01-03-19,ElectJimBaird,,
Jim Baird,House,01-03-19,RepJimBaird,,1
Jim Banks,House,01-03-17,Jim_Banks,,
Jim Banks,House,01-03-17,RepJimBanks,,1
Jim Clyburn,House,01-03-93,ClyburnSC06,,
Jim Clyburn,House,01-03-93,WhipClyburn,,1
Jim Cooper,House,01-03-03,CoopForCongress,,
Jim Cooper,House,01-03-03,RepJimCooper,,1
Jim Costa,House,01-03-05,RepJimCosta,,1
Jim Hagedorn,House,01-03-19,JimHagedornMN,,
Jim Hagedorn,House,01-03-19,RepHagedorn,,1
Jim Himes,House,01-03-09,jahimes,,1
Jim Jordan,House,01-03-07,Votejimjordan,,
Jim Jordan,House,01-03-07,Jim_Jordan,,1
Jim McGovern,House,01-03-97,McGovernMA,,
Jim McGovern,House,01-03-97,RepMcGovern,,1
Jim Sensenbrenner,House,01-03-79,JimPressOffice,,1
Jimmy Gomez,House,07-11-17,JimmyGomezCA,,
Jimmy Gomez,House,07-11-17,RepJimmyGomez,,1
Jimmy Panetta,House,01-03-17,JimmyPanetta,,
Jimmy Panetta,House,01-03-17,RepJimmyPanetta,,1
Joaquín Castro,House,01-03-13,Castro4Congress,,
Joaquín Castro,House,01-03-13,JoaquinCastrotx,,1
Jodey Arrington,House,01-03-17,JodeyArrington,,
Jodey Arrington,House,01-03-17,RepArrington,,1
Jody Hice,House,01-03-15,jodyhice,,
Jody Hice,House,01-03-15,congressmanhice,,1
Joe Courtney,House,01-03-07,JoeCourtneyCT,,
Joe Courtney,House,01-03-07,RepJoeCourtney,,1
Joe Cunningham,House,01-03-19,JoeCunninghamSC,,
Joe Cunningham,House,01-03-19,RepCunningham,,1
Joe Neguse,House,01-03-19,JoeNeguse,,
Joe Neguse,House,01-03-19,RepJoeNeguse,,1
Joe Wilson,House,12/18/2001,CongJoeWilson,,
Joe Wilson,House,12/18/2001,RepJoeWilson,,1
John B. Larson,House,01-03-99,JohnLarsonCT,,
John B. Larson,House,01-03-99,RepJohnLarson,,1
John Carter,House,01-03-03,JudgeJohnCarter,,
John Carter,House,01-03-03,JudgeCarter,,1
John Curtis,House,11/13/2017,CurtisUT,,
John Curtis,House,11/13/2017,RepJohnCurtis,,1
John Garamendi,House,11-03-09,JohnGaramendi,,
John Garamendi,House,11-03-09,RepGaramendi,,1
John Joyce,House,01-03-19,JohnJoyceForPA,,
John Joyce,House,01-03-19,RepJohnJoyce,,1
John Katko,House,01-03-15,RepJohnKatko,,1
John Lewis,House,01-03-87,RepJohnLewis,,1
John Moolenaar,House,01-03-15,JohnMoolenaar,,
John Moolenaar,House,01-03-15,RepMoolenaar,,1
John Ratcliffe,House,01-03-15,RatcliffeTX4,,
John Ratcliffe,House,01-03-15,RepRatcliffe,,1
John Rose,House,01-03-19,JohnRoseforTN,,
John Rose,House,01-03-19,RepJohnRose,,1
John Rutherford,House,01-03-17,JRutherfordFL,,
John Rutherford,House,01-03-17,RepRutherfordFL,,1
John Sarbanes,House,01-03-07,JohnSarbanes,,
John Sarbanes,House,01-03-07,RepSarbanes,,1
John Shimkus,House,01-03-13,JohnMShimkus,,
John Shimkus,House,01-03-13,RepShimkus,,1
John Yarmuth,House,01-03-07,RepJohnYarmuth,,1
José E. Serrano,House,3/21/1990,serranocongress,,
José E. Serrano,House,3/21/1990,RepJoseSerrano,,1
Joseph D. Morelle,House,11/13/2018,votemorelle,,
Joseph D. Morelle,House,11/13/2018,RepJoeMorelle,,1
Joseph P. Kennedy,House,01-03-13,joekennedy,,
Joseph P. Kennedy,House,01-03-13,RepJoeKennedy,,1
Josh Gottheimer,House,01-03-17,JoshGottheimer,,
Josh Gottheimer,House,01-03-17,RepJoshG,,1
Josh Harder,House,01-03-19,joshua_harder,,
Josh Harder,House,01-03-19,RepJoshHarder,,1
Joyce Beatty,House,01-03-13,JoyceBeatty,,
Joyce Beatty,House,01-03-13,RepBeatty,,1
Juan Vargas,House,01-03-13,juanf_vargas,,
Juan Vargas,House,01-03-13,RepJuanVargas,,1
Judy Chu,House,7/14/2009,JudyChuCampaign,,
Judy Chu,House,7/14/2009,RepJudyChu,,1
Julia Brownley,House,01-03-13,JuliaBrownley,,
Julia Brownley,House,01-03-13,RepBrownley,,1
Justin Amash,House,01-03-11,justinamash,,1
Karen Bass,House,01-03-11,KarenBassTweets,,
Karen Bass,House,01-03-11,RepKarenBass,,1
Katherine Clark,House,12-12-13,KatherineClark,,
Katherine Clark,House,12-12-13,RepKClark,,1
Kathleen Rice,House,01-03-15,KathleenRice,,
Kathleen Rice,House,01-03-15,RepKathleenRice,,1
Kathy Castor,House,01-03-07,KathyCastorFL,,
Kathy Castor,House,01-03-07,USRepKCastor,,1
Katie Hill,House,01-03-19,KatieHill4CA,,
Katie Hill,House,01-03-19,RepKatieHill,,1
Katie Porter,House,01-03-19,katieporteroc,,
Katie Porter,House,01-03-19,RepKatiePorter,,1
Kay Granger,House,01-03-97,GrangerCampaign,,
Kay Granger,House,01-03-97,RepKayGranger,,1
Kelly Armstrong,House,01-03-19,Armstrong_ND,,0
Kelly Armstrong,House,01-03-19,RepArmstrongND,,1
Ken Buck,House,01-03-15,BuckForColorado,,
Ken Buck,House,01-03-15,RepKenBuck,,1
Ken Calvert,House,01-03-13,TeamCalvert,,
Ken Calvert,House,01-03-13,KenCalvert,,1
Kendra Horn,House,01-03-19,HornForCongress,,
Kendra Horn,House,01-03-19,RepKendraHorn,,1
Kenny Marchant,House,01-03-05,MarchantforTX24,,
Kenny Marchant,House,01-03-05,RepKenMarchant,,1
Kevin Brady,House,01-03-97,bradyfortexas,,
Kevin Brady,House,01-03-97,RepKevinBrady,,1
Kevin Hern,House,11/13/2018,krhern,,
Kevin Hern,House,11/13/2018,repkevinhern,,1
Kevin McCarthy,House,01-03-07,kevinomccarthy,,
Kevin McCarthy,House,01-03-07,GOPLeader,,1
Kim Schrier,House,01-03-19,DrKimSchrier,,
Kim Schrier,House,01-03-19,RepKimSchrier,,1
Kurt Schrader,House,01-03-09,VoteSchrader,,
Kurt Schrader,House,01-03-09,RepSchrader,,1
Lacy Clay,House,01-03-01,LacyClayMO1,,1
Lance Gooden,House,01-03-19,Lancegooden,,
Lance Gooden,House,01-03-19,RepLanceGooden,,1
Larry Bucshon,House,01-03-11,DrLarryBucshon,,
Larry Bucshon,House,01-03-11,RepLarryBucshon,,1
Lauren Underwood,House,01-03-19,LaurenUnderwood,,
Lauren Underwood,House,01-03-19,RepUnderwood,,1
Lee Zeldin,House,01-03-15,leezeldin,,
Lee Zeldin,House,01-03-15,RepLeeZeldin,,1
Linda Sánchez,House,01-03-03,LindaTSanchez,,
Linda Sánchez,House,01-03-03,RepLindaSanchez,,1
Lisa Blunt Rochester,House,01-03-17,repbrochester,,
Lisa Blunt Rochester,House,01-03-17,RepLBR,,1
Liz Cheney,House,01-03-17,Liz_Cheney,,
Liz Cheney,House,01-03-17,RepLizCheney,,1
Lizzie Fletcher,House,01-03-19,Lizzie4Congress,,
Lizzie Fletcher,House,01-03-19,RepFletcher,,1
Lloyd Doggett,House,01-03-95,LloydDoggettTX,,
Lloyd Doggett,House,01-03-95,RepLloydDoggett,,1
Lloyd Smucker,House,01-03-17,LloydSmuckerPA,,
Lloyd Smucker,House,01-03-17,RepSmucker,,1
Lois Frankel,House,01-03-13,LoisFrankel,,
Lois Frankel,House,01-03-13,RepLoisFrankel,,1
Lori Trahan,House,01-03-19,latrahan,,
Lori Trahan,House,01-03-19,RepLoriTrahan,,1
Lou Correa,House,01-03-17,RepLouCorrea,,1
Louie Gohmert,House,01-03-05,LouieGohmertTX1,,
Louie Gohmert,House,01-03-05,RepLouieGohmert,,1
Lucille Roybal-Allard,House,01-03-93,RepRoybalAllard,,1
Lucy McBath,House,01-03-19,lucymcbath,,
Lucy McBath,House,01-03-19,replucymcbath,,1
Mac Thornberry,House,01-03-95,MacThornberry,,
Mac Thornberry,House,01-03-95,MacTXPress,,1
Madeleine Dean,House,01-03-19,mad4pa,,
Madeleine Dean,House,01-03-19,RepDean,,1
Marc Veasey,House,01-03-13,MarcVeasey,,
Marc Veasey,House,01-03-13,RepVeasey,,1
Marcia Fudge,House,11/18/2008,mlfudge,,
Marcia Fudge,House,11/18/2008,RepMarciaFudge,,1
Marcy Kaptur,House,01-03-83,Marcy_Kaptur,,
Marcy Kaptur,House,01-03-83,RepMarcyKaptur,,1
Mario Diaz-Balart,House,01-03-03,MarioDB,,1
Mark Amodei,House,9/13/2011,AmodeiForNevada,,
Mark Amodei,House,9/13/2011,MarkAmodeiNV2,,1
Mark DeSaulnier,House,01-03-15,MarkDeSaulnier,,
Mark DeSaulnier,House,01-03-15,RepDeSaulnier,,1
Mark E. Green,House,01-03-19,DrMarkGreen4TN,,
Mark E. Green,House,01-03-19,RepMarkGreen,,1
Mark Meadows,House,01-03-17,MarkMeadows,,
Mark Meadows,House,01-03-17,RepMarkMeadows,,1
Mark Pocan,House,01-03-13,MarkPocan,,
Mark Pocan,House,01-03-13,RepMarkPocan,,1
Mark Takano,House,01-03-13,MarkTakano,,
Mark Takano,House,01-03-13,RepMarkTakano,,1
Mark Walker,House,01-03-15,Walker4NC,,
Mark Walker,House,01-03-15,RepMarkWalker,,1
Markwayne Mullin,House,01-03-13,MarkwayneMullin,,
Markwayne Mullin,House,01-03-13,RepMullin,,1
Martha Roby,House,01-03-11,TeamRoby,,
Martha Roby,House,01-03-11,RepMarthaRoby,,1
Mary Gay Scanlon,House,11/13/2018,marygayscanlon,,
Mary Gay Scanlon,House,11/13/2018,RepMGS,,1
Matt Cartwright,House,01-03-13,CartwrightPA,,
Matt Cartwright,House,01-03-13,RepCartwright,,1
Matt Gaetz,House,01-03-17,mattgaetz,,
Matt Gaetz,House,01-03-17,RepMattGaetz,,1
Max Rose,House,01-03-19,MaxRose4NY,,
Max Rose,House,01-03-19,RepMaxRose,,1
Maxine Waters,House,01-03-91,maxinewaters,,
Maxine Waters,House,01-03-91,RepMaxineWaters,,1
Michael Burgess,House,01-03-03,DrBurgessTX,,
Michael Burgess,House,01-03-03,MichaelCBurgess,,1
Michael Cloud,House,07-10-18,MichaelJCloud,,
Michael Cloud,House,07-10-18,RepCloudTX,,1
Michael F. Doyle,House,01-03-95,rep_doyle,,
Michael F. Doyle,House,01-03-95,USRepMikeDoyle,,1
Michael Guest,House,01-03-19,GuestCongress,,
Michael Guest,House,01-03-19,RepMichaelGuest,,1
Michael McCaul,House,01-03-05,McCaulforTexas,,
Michael McCaul,House,01-03-05,RepMcCaul,,1
Michael San Nicolas,House,01-03-19,GuamCongressman,,1
Michael Waltz,House,01-03-19,michaelgwaltz,,
Michael Waltz,House,01-03-19,RepMichaelWaltz,,1
Mike Bost,House,01-03-15,BostForCongress,,
Mike Bost,House,01-03-15,RepBost,,1
Mike Conaway,House,01-03-05,ConawayTX11,,1
Mike Gallagher,House,01-03-17,MikeforWI,,
Mike Gallagher,House,01-03-17,RepGallagher,,1
Mike Johnson,House,01-03-17,RepMikeJohnson,,1
Mike Kelly,House,01-03-11,MikeKellyforPA,,
Mike Kelly,House,01-03-11,MikeKellyPA,,1
Mike Levin,House,01-03-19,MikeLevinCA,,
Mike Levin,House,01-03-19,RepMikeLevin,,1
Mike Quigley,House,04-07-09,RepMikeQuigley,,1
Mike Rogers,House,01-03-03,MikeRogersCamp,,
Mike Rogers,House,01-03-03,RepMikeRogersAL,,1
Mike Simpson,House,01-03-99,MikeSimpson4ID,,
Mike Simpson,House,01-03-99,CongMikeSimpson,,1
Mike Thompson,House,01-03-99,Mike_CA05,,
Mike Thompson,House,01-03-99,RepThompson,,1
Mike Turner,House,01-03-13,MikeTurnerOH,,
Mike Turner,House,01-03-13,RepMikeTurner,,1
Mikie Sherrill,House,01-03-19,MikieSherrill,,
Mikie Sherrill,House,01-03-19,RepSherrill,,1
Mo Brooks,House,01-03-11,MoBrooks,,
Mo Brooks,House,01-03-11,RepMoBrooks,,1
Morgan Griffith,House,01-03-11,MorganGriffith,,
Morgan Griffith,House,01-03-11,RepMGriffith,,1
Nancy Pelosi,House,06-02-87,SpeakerPelosi,,1
Nanette Barragán,House,01-03-17,Nanette4CA,,
Nanette Barragán,House,01-03-17,RepBarragan,,1
Neal Dunn,House,01-03-17,DunnCampaign,,
Neal Dunn,House,01-03-17,drnealdunnfl2,,1
Nita Lowey,House,01-03-89,NitaLowey,,1
Norma Torres,House,01-03-15,Norma4Congress,,
Norma Torres,House,01-03-15,NormaJTorres,,1
Nydia Velázquez,House,01-03-13,ReElectNydia,,
Nydia Velázquez,House,01-03-13,NydiaVelazquez,,1
Patrick McHenry,House,01-03-05,McHenryCampaign,,
Patrick McHenry,House,01-03-05,PatrickMcHenry,,1
Paul Cook,House,01-03-13,RepPaulCook,,1
Paul Gosar,House,01-03-11,DrPaulGosar,,
Paul Gosar,House,01-03-11,RepGosar,,1
Paul Mitchell,House,01-03-17,RepPaulMitchell,,1
Paul Tonko,House,01-03-13,PaulTonko,,
Paul Tonko,House,01-03-13,RepPaulTonko,,1
Pete Aguilar,House,01-03-15,aguilarpete,,
Pete Aguilar,House,01-03-15,AguilarCampaign,,
Pete Aguilar,House,01-03-15,reppeteaguilar,,1
Pete Olson,House,01-03-09,PeteOlson,,
Pete Olson,House,01-03-09,RepPeteOlson,,1
Pete Stauber,House,01-03-19,PeteStauber,,
Pete Stauber,House,01-03-19,RepPeteStauber,,1
Pete Visclosky,House,01-03-85,TeamVisclosky,,
Pete Visclosky,House,01-03-85,RepVisclosky,,1
Peter DeFazio,House,01-03-87,DeFazio4Oregon,,
Peter DeFazio,House,01-03-87,RepPeterDeFazio,,1
Peter T. King,House,01-03-93,congpeteking,,
Peter T. King,House,01-03-93,RepPeteKing,,1
Peter Welch,House,01-03-07,WelchForVT,,
Peter Welch,House,01-03-07,PeterWelch,,1
Phil Roe,House,01-03-09,DrPhilRoe,,1
Pramila Jayapal,House,01-03-17,PramilaJayapal,,
Pramila Jayapal,House,01-03-17,RepJayapal,,1
Raja Krishnamoorthi,House,01-03-17,RajaForCongress,,
Raja Krishnamoorthi,House,01-03-17,congressmanraja,,1
Ralph Abraham,House,01-03-15,abraham_ralph,,
Ralph Abraham,House,01-03-15,RepAbraham,,1
Ralph Norman,House,6/20/2017,RalphNorman,,
Ralph Norman,House,6/20/2017,RepRalphNorman,,1
Randy Weber,House,01-03-13,WeberforTexas,,
Randy Weber,House,01-03-13,TXRandy14,,1
Rashida Tlaib,House,01-03-19,RashidaTlaib,,
Rashida Tlaib,House,01-03-19,RepRashida,,1
Raul Ruiz,House,01-03-13,Dr_RaulRuiz,,
Raul Ruiz,House,01-03-13,CongressmanRuiz,,1
Raúl Grijalva,House,01-03-03,standwithraul,,
Raúl Grijalva,House,01-03-03,RepraulGrijalva,,1
Richard Hudson,House,01-03-13,RichHudson,,
Richard Hudson,House,01-03-13,RepRichHudson,,1
Richard Neal,House,01-03-89,NealForCongress,,
Richard Neal,House,01-03-89,RepRichardNeal,,1
Rick Crawford,House,01-03-11,RepRickCrawford,,1
Rick Larsen,House,01-03-01,larsenrick,,
Rick Larsen,House,01-03-01,RepRickLarsen,,1
Rick W. Allen,House,01-03-15,rickallen,,
Rick W. Allen,House,01-03-15,reprickallen,,1
Ro Khanna,House,01-03-17,RoKhanna,,
Ro Khanna,House,01-03-17,rokhannausa,,
Ro Khanna,House,01-03-17,RepRoKhanna,,1
Rob Bishop,House,01-03-03,RobBishopUT,,
Rob Bishop,House,01-03-03,RepRobBishop,,1
Rob Wittman,House,12-11-07,ReElectWittman,,
Rob Wittman,House,12-11-07,RobWittman,,1
Rob Woodall,House,01-03-11,RepRobWoodall,,1
Robert Aderholt,House,01-03-97,Robert_Aderholt,,1
Robin Kelly,House,04-11-13,RobinLynneKelly,,
Robin Kelly,House,04-11-13,RepRobinKelly,,1
Rodney Davis,House,01-03-13,ElectRodney,,
Rodney Davis,House,01-03-13,RodneyDavis,,1
Roger Marshall,House,01-03-17,rogermarshallmd,,
Roger Marshall,House,01-03-17,RepMarshall,,1
Roger Williams,House,01-03-13,RogerWilliamsTX,,
Roger Williams,House,01-03-13,RepRWilliams,,1
Ron Estes,House,4/25/2017,RonEstesKS,,
Ron Estes,House,4/25/2017,RepRonEstes,,1
Ron Kind,House,01-03-97,KindforCongress,,
Ron Kind,House,01-03-97,RepRonKind,,1
Ron Wright,House,01-03-19,ron4congress,,
Ron Wright,House,01-03-19,RepRonWright,,1
Rosa DeLauro,House,01-03-91,Rosa_DeLauro,,
Rosa DeLauro,House,01-03-91,RosaDeLauro,,1
Ross Spano,House,01-03-19,RossSpano,,
Ross Spano,House,01-03-19,RepRossSpano,,1
Ruben Gallego,House,01-03-15,RubenGallego,,
Ruben Gallego,House,01-03-15,RepRubenGallego,,1
Russ Fulcher,House,01-03-19,RussFulcher,,
Russ Fulcher,House,01-03-19,RepRussFulcher,,1
Salud Carbajal,House,01-03-17,carbajalsalud,,
Salud Carbajal,House,01-03-17,RepCarbajal,,1
Sam Graves,House,01-03-01,RepSamGraves,,1
Sanford Bishop,House,01-03-93,SanfordBishop,,1
Scott DesJarlais,House,01-03-11,tndesjarlais,,
Scott DesJarlais,House,01-03-11,DesJarlaisTN04,,1
Scott Perry,House,01-03-13,Perry4Congress,,
Scott Perry,House,01-03-13,RepScottPerry,,1
Scott Peters,House,01-03-13,ScottPetersSD,,
Scott Peters,House,01-03-13,RepScottPeters,,1
Scott Tipton,House,01-03-11,ScottRTipton,,
Scott Tipton,House,01-03-11,RepTipton,,1
Sean Casten,House,01-03-19,SeanCasten,,0
Sean Casten,House,01-03-19,RepCasten,,1
Sean Duffy,House,01-03-11,Duffy4Wisconsin,,
Sean Duffy,House,01-03-11,RepSeanDuffy,,1
Sean Patrick Maloney,House,01-03-13,MaloneyforNY,,
Sean Patrick Maloney,House,01-03-13,RepSeanMaloney,,1
Seth Moulton,House,01-03-15,teammoulton,,
Seth Moulton,House,01-03-15,sethmoulton,,1
Sharice Davids,House,01-03-19,sharicedavids,,
Sharice Davids,House,01-03-19,RepDavids,,1
Sheila Jackson Lee,House,01-03-95,TX18CongWOMAN,,
Sheila Jackson Lee,House,01-03-95,JacksonLeeTX18,,1
Stacey Plaskett,House,01-03-15,staceyplaskett,,1
Steny Hoyer,House,5/19/1981,StenyHoyer,,
Steny Hoyer,House,5/19/1981,LeaderHoyer,,1
Stephanie Murphy,House,01-03-17,SMurphyCongress,,
Stephanie Murphy,House,01-03-17,RepStephMurphy,,1
Stephen F. Lynch,House,10/16/2001,RepLynch,,
Stephen F. Lynch,House,10/16/2001,RepStephenLynch,,1
Steve Chabot,House,01-03-11,SteveChabot,,
Steve Chabot,House,01-03-11,RepSteveChabot,,1
Steve Cohen,House,01-03-07,ReElectCohen,,
Steve Cohen,House,01-03-07,RepCohen,,1
Steve King,House,01-03-03,SteveKingIA,,1
Steve Scalise,House,05-03-08,GeauxScalise,,
Steve Scalise,House,05-03-08,SteveScalise,,1
Steve Stivers,House,01-03-11,stevestivers,,
Steve Stivers,House,01-03-11,RepSteveStivers,,1
Steve Watkins,House,01-03-19,Steve4Kansas,,
Steve Watkins,House,01-03-19,Rep_Watkins,,1
Steve Womack,House,01-03-11,womack4congress,,
Steve Womack,House,01-03-11,Rep_SteveWomack,,1
Steven Horsford,House,01-03-19,StevenHorsford,,
Steven Horsford,House,01-03-19,RepHorsford,,1
Steven Palazzo,House,01-03-11,StevenPalazzo,,
Steven Palazzo,House,01-03-11,CongPalazzo,,1
Susan Brooks,House,01-03-13,SusanBrooksIN,,
Susan Brooks,House,01-03-13,SusanWBrooks,,1
Susan Davis,House,01-03-01,RepSusanDavis,,1
Susan Wild,House,11/27/2018,wildforcongress,,
Susan Wild,House,11/27/2018,RepSusanWild,,1
Susie Lee,House,01-03-19,SusieLeeNV,,
Susie Lee,House,01-03-19,RepSusieLee,,1
Suzan DelBene,House,11/13/2012,SuzanDelBene,,
Suzan DelBene,House,11/13/2012,RepDelBene,,1
Suzanne Bonamici,House,1/31/2012,RepBonamici,,1
Sylvia Garcia,House,01-03-19,LaCongresista,,
Sylvia Garcia,House,01-03-19,RepSylviaGarcia,,1
Ted Budd,House,01-03-17,buddforcongress,,
Ted Budd,House,01-03-17,RepTedBudd,,1
Ted Deutch,House,4/13/2010,TedDeutch,,
Ted Deutch,House,4/13/2010,TedforCongress,,
Ted Deutch,House,4/13/2010,RepTedDeutch,,1
Ted Lieu,House,01-03-15,tedlieu,,
Ted Lieu,House,01-03-15,RepTedLieu,,1
Ted Yoho,House,01-03-13,TedYoho,,
Ted Yoho,House,01-03-13,RepTedYoho,,1
Terri Sewell,House,01-03-11,Sewell4Congress,,
Terri Sewell,House,01-03-11,RepTerriSewell,,1
Thomas Massie,House,11/13/2012,Thomas_Massie,,
Thomas Massie,House,11/13/2012,ThomasMassieKY,,
Thomas Massie,House,11/13/2012,RepThomasMassie,,1
Thomas Suozzi,House,01-03-17,Tom_Suozzi,,
Thomas Suozzi,House,01-03-17,RepTomSuozzi,,1
Tim Burchett,House,01-03-19,timburchett,,0
Tim Burchett,House,01-03-19,RepTimBurchett,,1
Tim Ryan,House,01-03-03,TimRyan,,
Tim Ryan,House,01-03-03,RepTimRyan,,1
Tim Walberg,House,01-03-11,TimWalberg,,
Tim Walberg,House,01-03-11,RepWalberg,,1
TJ Cox,House,01-03-19,TJCoxCongress,,
TJ Cox,House,01-03-19,RepTjCox,,1
Tom Cole,House,01-03-03,TomColeOK04,,1
Tom Emmer,House,01-03-15,tomemmer,,
Tom Emmer,House,01-03-15,RepTomEmmer,,1
Tom Graves,House,01-03-13,TomGravesGA14,,
Tom Graves,House,01-03-13,RepTomGraves,,1
Tom Malinowski,House,01-03-19,Malinowski,,
Tom Malinowski,House,01-03-19,RepMalinowski,,1
Tom McClintock,House,01-03-09,tommcclintock,,
Tom McClintock,House,01-03-09,RepMcClintock,,1
Tom O'Halleran,House,01-03-17,TomOHalleran,,
Tom O'Halleran,House,01-03-17,repohalleran,,1
Tom Reed,House,01-03-13,TomReedCongress,,
Tom Reed,House,01-03-13,RepTomReed,,1
Tom Rice,House,01-03-13,TomRiceSC7,,
Tom Rice,House,01-03-13,RepTomRice,,1
Tony Cárdenas,House,01-03-13,Tcardenas,,
Tony Cárdenas,House,01-03-13,RepCardenas,,1
Trent Kelly,House,06-02-15,reptrentkelly,,1
Trey Hollingsworth,House,01-03-17,VoteForTrey,,
Trey Hollingsworth,House,01-03-17,reptrey,,1
Troy Balderson,House,09-05-18,Troy_Balderson,,
Troy Balderson,House,09-05-18,RepBalderson,,1
Tulsi Gabbard,House,01-03-13,TulsiGabbard,,
Tulsi Gabbard,House,01-03-13,TulsiPress,,1
Val Demings,House,01-03-17,val_demings,,
Val Demings,House,01-03-17,RepValDemings,,1
Van Taylor,House,01-03-19,VanTaylorTX,,
Van Taylor,House,01-03-19,RepVanTaylor,,1
Vern Buchanan,House,01-03-07,VernBuchanan,,1
Veronica Escobar,House,01-03-19,vgescobar,,
Veronica Escobar,House,01-03-19,RepEscobar,,1
Vicente González,House,01-03-17,vicentecongress,,
Vicente González,House,01-03-17,RepGonzalez,,1
Vicky Hartzler,House,01-03-11,VickyH4Congress,,
Vicky Hartzler,House,01-03-11,RepHartzler,,1
Virginia Foxx,House,01-03-05,foxxforcongress,,
Virginia Foxx,House,01-03-05,VirginiaFoxx,,1
Warren Davidson,House,06-07-16,Vote_Davidson,,
Warren Davidson,House,06-07-16,WarrenDavidson,,1
Will Hurd,House,01-03-15,WillHurd,,
Will Hurd,House,01-03-15,hurdonthehill,,1
William Timmons,House,01-03-19,votetimmons,,
William Timmons,House,01-03-19,RepTimmons,,1
Xochitl Torres Small,House,01-03-19,XochforCongress,,
Xochitl Torres Small,House,01-03-19,RepTorresSmall,,1
Yvette Clarke,House,01-03-13,VoteYvette,,
Yvette Clarke,House,01-03-13,RepYvetteClarke,,1
Zoe Lofgren,House,01-03-95,ZoeLofgren,,
Zoe Lofgren,House,01-03-95,RepZoeLofgren,,1
